estado_digital;valor_sensor;voltaje;campo_gauss;campo_militeslas
0;528;258.065; -0.00543; -0.00054
0;527;257.576; -0.00814; -0.00081
0;526;257.087; -0.01086; -0.00109
0;525;256.598; -0.01357; -0.00136
0;523;255.621; -0.01900; -0.00190
